{
	"class_name" : "PinholeCameraParameters",
	"extrinsic" : 
	[
		-0.1894590816136513,
		-0.35594403650141793,
		0.91510059516601183,
		0.0,
		-0.98135531545842025,
		0.037930731399811485,
		-0.18842240959339229,
		0.0,
		0.032357398158945921,
		-0.93373716992232492,
		-0.35649389376233476,
		0.0,
		0.33963355271910955,
		4.9892920668320464,
		5.4269204531341018,
		1.0
	],
	"intrinsic" : 
	{
		"height" : 1080,
		"intrinsic_matrix" : 
		[
			935.30743608719376,
			0.0,
			0.0,
			0.0,
			935.30743608719376,
			0.0,
			719.5,
			539.5,
			1.0
		],
		"width" : 1440
	},
	"version_major" : 1,
	"version_minor" : 0
}
